{"current": {"start": 1775883937.1509955, "end": 1775884000.1841683}, "previous": {"start": 1775883614.3117757, "end": 1775883935.5980763}}